{
  "version": 1,
  "author": "Pablo Viana",
  "editor": "wokwi",
  "parts": [
    { "type": "board-esp32-s3-devkitc-1", "id": "esp", "top": 0, "left": 0, "attrs": {} },
    {
      "type": "wokwi-led",
      "id": "led1",
      "top": -33.67,
      "left": -135.66,
      "attrs": { "color": "red" }
    },
    {
      "type": "wokwi-led",
      "id": "led2",
      "top": -42.4,
      "left": -95.69,
      "attrs": { "color": "red" }
    },
    {
      "type": "wokwi-led",
      "id": "led3",
      "top": -19.56,
      "left": -176.32,
      "attrs": { "color": "red" }
    },
    {
      "type": "wokwi-led",
      "id": "led4",
      "top": -22.68,
      "left": -45.57,
      "attrs": { "color": "red" }
    },
    {
      "type": "wokwi-photoresistor-sensor",
      "id": "ldr1",
      "top": 6.73,
      "left": 106.69,
      "attrs": {}
    },
    {
      "type": "wokwi-buzzer",
      "id": "bz1",
      "top": 95.12,
      "left": -115.78,
      "attrs": { "volume": "0.1" }
    },
    {
      "type": "wokwi-pushbutton",
      "id": "btn1",
      "top": 108.41,
      "left": 126.52,
      "attrs": { "color": "green" }
    },
    {
      "type": "wokwi-pushbutton",
      "id": "btn2",
      "top": 178.87,
      "left": 125.61,
      "attrs": { "color": "red" }
    }
  ],
  "connections": [
    [ "esp:TX", "$serialMonitor:RX", "", [] ],
    [ "esp:RX", "$serialMonitor:TX", "", [] ],
    [ "led4:A", "esp:4", "red", [ "v0" ] ],
    [ "led2:A", "esp:5", "red", [ "v0" ] ],
    [ "led1:A", "esp:6", "red", [ "v0" ] ],
    [ "led3:A", "esp:7", "red", [ "v0" ] ],
    [ "led4:C", "esp:GND.2", "black", [ "v0" ] ],
    [ "led3:C", "esp:GND.2", "black", [ "v0" ] ],
    [ "led1:C", "esp:GND.2", "black", [ "v0" ] ],
    [ "led2:C", "esp:GND.2", "black", [ "v0" ] ],
    [ "ldr1:GND", "esp:GND.2", "black", [ "h0" ] ],
    [ "ldr1:VCC", "esp:3V3.1", "green", [ "h0" ] ],
    [ "ldr1:AO", "esp:8", "red", [ "h0" ] ],
    [ "bz1:2", "esp:3", "red", [ "v0" ] ],
    [ "bz1:1", "esp:GND.1", "black", [ "v0" ] ],
    [ "btn2:2.l", "esp:GND.4", "black", [ "h0" ] ],
    [ "btn1:2.l", "esp:GND.4", "black", [ "h0" ] ],
    [ "btn2:1.l", "esp:10", "red", [ "h0" ] ],
    [ "btn1:1.l", "esp:9", "red", [ "h0" ] ]
  ]
}